major,novel,central,strongly,critical,markedly,unique,excellent,crucial,promising
histocompatibility,approach,nervous,suggest,point,reduced,feature,agreement,factor,candidate
cause,method,venous,associated,period,increased,opportunity,result,importance,approach
component,mechanism,peripheral,result,factor,decreased,property,showed,understanding,result
three,using,region,inhibited,value,inhibited,provides,yield,development,therapeutic
depression,identified,within,correlated,component,enhanced,sequence,provides,component,appears
complication,therapeutic,nucleus,support,micelle,different,provide,correlation,event,strategy
factor,provide,retinal,suggests,region,elevated,among,model,function,alternative
source,development,effect,dependent,thinking,higher,offer,provide,protein,method
metabolite,represent,patient,influenced,importance,lower,characteristic,patient,appears,target
determinant,present,incisor,expressed,temperature,attenuated,pattern,exhibited,therefore,seems
depressive,protein,portion,related,event,suppressed,present,demonstrated,considered,represent
problem,developed,corneal,reduced,concentration,level,protein,outcome,determinant,represents
patient,represents,hospital,positive,illness,activity,ability,provided,process,could
protein,specie,obesity,finding,determinant,improved,structure,found,issue,considered
difference,identify,mechanism,affected,issue,showed,challenge,offer,found,offer
change,describe,disease,induced,level,diminished,combination,clinical,aspect,technique
minor,class,,suggested,function,differed,posse,candidate,shown,shown
product,suggest,,increased,incident,stimulated,mechanism,,determining,treatment
effect,report,,found,parameter,differ,model,,,showed
challenge,mutation,,enhanced,exponent,affected,identified,,,might
,technique,,influence,,increase,represent,,,agent
,strategy,,,,,,,,application
